customer,preChurnX,anomaly,custJSeg,duration,churn,
2208,2,0,2,16,0,
2209,7,0,3,15,0,
2210,6,0,6,25,0,
2211,6,0,2,17,1,
2212,9,0,6,36,0,
2213,7,0,2,29,0,
2214,9,0,1,8,0,
2215,2,0,6,12,1,
2216,5,0,3,36,0,
2217,5,0,4,1,0,
2218,9,0,4,15,0,
2219,2,0,5,30,0,
2220,7,0,4,33,0,
2221,1,0,3,16,0,
2222,6,0,2,14,0,
2223,7,0,3,30,0,
2224,8,0,6,25,0,
2225,5,0,4,34,0,
2226,4,0,2,26,0,
2227,7,0,6,28,0,
2228,2,0,2,16,0,
2229,5,0,6,32,0,
2230,2,0,2,20,0,
2231,4,0,5,23,0,
2232,5,0,6,11,0,
2233,5,0,4,1,0,
2234,7,0,6,32,0,
2235,5,0,1,23,0,
2236,9,0,6,13,0,
2237,2,0,1,19,0,
2238,7,0,1,3,0,
2239,2,0,5,24,1,
2240,8,0,2,32,0,
2241,7,0,3,8,0,
2242,3,0,1,8,0,
2243,5,0,5,16,0,
2244,9,0,2,17,0,
2245,3,0,6,2,0,
2246,2,0,2,30,0,
2247,3,0,6,11,0,
2248,6,0,5,35,0,
2249,8,0,4,1,0,
2250,3,0,2,36,0,
2251,1,0,3,1,0,
2252,1,0,6,2,0,
2253,6,0,2,34,0,
2254,4,0,6,28,0,
2255,4,0,5,23,0,
2256,4,0,2,4,0,
2257,5,0,3,3,0,
2258,6,0,2,32,0,
2259,3,0,5,32,0,
2260,3,0,5,12,0,
2261,7,0,5,22,1,
2262,5,0,3,25,0,
2263,5,0,6,11,1,
2264,4,0,4,25,0,
2265,5,0,5,34,1,
2266,6,0,1,35,0,
2267,4,0,6,35,0,
2268,4,0,1,3,0,
2269,3,0,4,33,0,
2270,4,0,2,8,0,
2271,4,0,6,31,1,
2272,5,0,2,13,1,
2273,6,0,1,7,0,
2274,6,0,5,7,0,
2275,5,0,1,1,0,
2276,8,0,3,23,0,
2277,6,0,1,35,0,
2278,1,1,3,9,0,
2279,1,0,2,34,0,
2280,1,0,4,24,0,
2281,2,0,3,24,0,
2282,7,0,6,14,0,
2283,6,0,4,6,0,
2284,3,0,2,24,0,
2285,1,0,2,24,0,
2286,3,0,6,11,0,
2287,2,0,3,25,0,
2288,3,0,6,7,0,
2289,9,0,5,30,0,
2290,9,0,2,25,0,
2291,9,0,1,34,0,
2292,8,1,2,14,0,
2293,5,0,6,19,1,
2294,4,0,2,23,0,
2295,7,0,5,6,0,
2296,1,0,1,33,0,
2297,2,0,6,21,0,
2298,4,0,6,30,0,
2299,2,0,3,20,0,
2300,5,0,1,29,0,
2301,3,0,1,1,0,
2302,3,0,6,5,0,
2303,5,0,2,29,0,
2304,5,0,3,13,0,
2305,6,0,1,33,0,
2306,3,0,3,15,0,
2307,3,0,3,15,0,
2308,5,0,6,2,1,
2309,2,0,6,10,0,
2310,2,0,5,31,1,
2311,2,0,2,3,1,
2312,7,0,4,22,0,
2313,2,0,1,7,0,
2314,5,0,6,8,0,
2315,3,0,5,7,1,
2316,4,0,4,1,0,
2317,2,0,2,17,0,
2318,6,0,2,21,0,
2319,9,0,2,7,0,
2320,3,0,1,6,0,
2321,7,1,1,11,0,
2322,1,0,1,24,0,
2323,5,0,3,4,0,
2324,1,0,6,36,0,
2325,5,0,4,10,0,
2326,9,0,3,29,0,
2327,1,0,3,26,0,
2328,5,0,2,33,0,
2329,6,0,3,5,0,
2330,6,0,2,2,0,
2331,6,0,6,13,0,
2332,3,0,6,17,0,
2333,2,0,4,11,0,
2334,8,0,6,32,0,
2335,7,0,6,23,0,
2336,2,0,5,22,0,
2337,5,0,4,12,0,
2338,2,0,5,2,1,
2339,8,0,3,12,0,
2340,4,0,5,4,0,
2341,5,0,3,17,0,
2342,5,0,2,22,0,
2343,6,0,2,36,0,
2344,1,0,5,29,0,
2345,1,0,4,7,0,
2346,4,0,3,2,0,
2347,2,0,5,25,0,
2348,9,0,3,1,0,
2349,4,0,4,9,0,
2350,5,0,3,25,0,
2351,3,0,6,10,0,
2352,7,0,6,2,0,
2353,2,0,6,24,0,
2354,6,0,6,23,0,
2355,4,0,1,4,0,
2356,4,0,2,28,0,
2357,2,0,5,34,0,
2358,1,0,4,4,0,
2359,7,0,1,3,0,
2360,6,0,6,18,0,
2361,7,0,4,31,1,
2362,8,0,6,1,0,
2363,1,0,1,2,0,
2364,8,0,1,36,0,
2365,1,1,4,1,1,
2366,2,0,4,4,0,
2367,6,0,2,22,1,
2368,1,0,1,3,0,
2369,3,0,1,10,0,
2370,7,0,6,21,1,
2371,8,0,5,9,0,
2372,1,0,3,32,0,
2373,5,0,6,5,0,
2374,1,0,2,30,0,
2375,9,0,4,27,0,
2376,7,0,6,26,0,
2377,9,0,2,32,0,
2378,5,0,5,4,0,
2379,2,0,3,4,0,
2380,2,0,5,32,0,
2381,7,0,3,16,0,
2382,5,0,1,6,0,
2383,1,0,6,17,0,
2384,9,0,3,18,0,
2385,6,0,3,27,0,
2386,6,0,5,25,0,
2387,4,0,3,30,0,
2388,1,0,4,17,0,
2389,9,0,6,19,0,
2390,2,0,4,30,0,
2391,4,0,4,10,0,
2392,5,0,2,19,0,
2393,4,0,3,13,1,
2394,7,0,4,34,0,
2395,2,0,4,19,1,
2396,1,0,1,10,0,
2397,2,0,2,22,0,
2398,3,0,3,23,0,
2399,5,0,6,22,0,
2400,7,0,1,29,0,
2401,8,0,5,30,0,
2402,5,0,1,24,0,
2403,8,0,4,34,0,
2404,1,0,5,3,0,
2405,3,0,2,16,0,
2406,6,0,4,7,0,
2407,3,0,6,16,0,
2408,5,0,4,7,0,
2409,5,0,3,24,0,
2410,8,0,6,15,0,
2411,4,0,3,10,1,
2412,4,0,3,9,0,
2413,8,0,2,13,0,
2414,3,0,3,28,0,
2415,1,0,1,3,1,
2416,4,0,4,26,0,
2417,8,0,4,9,1,
2418,1,0,4,4,0,
2419,6,0,5,20,0,
2420,9,0,5,34,0,
2421,5,0,6,8,0,
2422,6,0,2,18,0,
2423,8,0,3,27,0,
2424,8,0,6,18,0,
2425,1,0,6,3,0,
2426,9,0,4,20,0,
2427,7,0,1,5,0,
2428,8,0,1,32,0,
2429,7,0,4,4,0,
2430,9,1,1,23,0,
2431,9,0,5,16,0,
2432,3,0,5,34,0,
2433,5,0,3,27,0,
2434,7,0,5,6,0,
2435,2,0,3,29,0,
2436,9,0,2,33,0,
2437,2,0,6,18,0,
2438,6,0,6,22,0,
2439,8,0,3,32,0,
2440,7,0,1,9,0,
2441,6,0,4,14,0,
2442,1,0,3,20,0,
2443,4,0,2,26,1,
2444,2,0,1,35,1,
2445,9,0,3,25,0,
2446,9,0,3,18,0,
2447,3,0,2,21,0,
2448,9,0,6,16,0,
2449,6,0,2,10,0,
2450,4,0,5,8,0,
2451,1,0,4,14,0,
2452,4,0,4,36,0,
2453,7,0,3,32,0,
2454,4,0,3,29,0,
2455,1,0,1,24,0,
2456,6,0,1,28,0,
2457,6,0,2,26,0,
2458,7,0,3,7,0,
2459,5,0,4,10,0,
2460,6,0,4,5,0,
2461,3,0,1,23,1,
2462,2,0,6,17,0,
2463,2,0,1,12,0,
2464,4,0,5,19,0,
2465,9,0,2,28,1,
2466,3,0,6,32,0,
2467,3,0,3,10,0,
2468,2,0,5,35,0,
2469,4,0,5,28,0,
2470,3,0,1,2,0,
2471,4,0,3,31,0,
2472,8,0,1,5,0,
2473,2,0,3,30,0,
2474,2,0,4,20,0,
2475,5,0,6,7,0,
2476,2,0,2,2,0,
2477,5,0,5,27,0,
2478,3,0,6,18,0,
2479,1,0,1,1,0,
2480,7,0,4,27,0,
2481,8,0,1,25,0,
2482,8,0,4,11,0,
2483,5,0,4,26,0,
2484,1,0,5,11,0,
2485,4,0,3,17,0,
2486,5,0,6,21,0,
2487,1,0,4,18,0,
2488,2,0,4,7,0,
2489,7,0,6,17,0,
2490,8,0,2,25,0,
2491,8,0,5,22,0,
2492,5,0,6,35,0,
2493,4,0,1,25,0,
2494,8,0,5,18,0,
2495,4,0,2,12,0,
2496,9,0,6,16,0,
2497,8,0,6,8,0,
2498,8,0,5,21,0,
2499,5,0,1,12,0,
2500,3,0,3,9,1,
2501,9,0,4,20,0,
2502,9,0,2,24,0,
2503,8,0,4,16,0,
2504,6,0,3,6,0,
2505,4,0,1,3,0,
2506,8,0,4,33,0,
2507,5,0,5,1,0,
2508,3,0,1,19,0,
2509,1,0,3,1,0,
2510,9,0,3,31,0,
2511,7,0,3,17,1,
2512,7,0,1,2,0,
2513,4,0,1,18,0,
2514,1,0,2,21,0,
2515,7,0,5,24,1,
2516,6,0,4,12,0,
2517,3,0,5,15,0,
2518,6,0,3,24,0,
2519,7,0,3,6,0,
2520,3,0,3,8,1,
2521,7,0,6,25,0,
2522,9,0,5,5,0,
2523,8,0,3,23,0,
2524,9,0,1,28,0,
2525,6,0,3,20,0,
2526,4,0,2,2,0,
2527,8,0,1,21,0,
2528,7,0,6,11,0,
2529,7,0,6,8,0,
2530,5,0,1,31,0,
2531,9,0,1,28,0,
2532,9,0,2,34,0,
2533,3,0,5,9,0,
2534,3,1,5,15,0,
2535,2,0,5,23,0,
2536,3,0,5,22,0,
2537,3,0,6,1,0,
2538,7,0,4,15,0,
2539,1,0,3,16,0,
2540,7,1,5,16,0,
2541,7,0,5,20,0,
2542,8,0,1,23,1,
2543,6,0,1,13,0,
2544,9,0,3,34,0,
2545,9,0,4,12,0,
2546,7,0,3,36,0,
2547,2,0,4,11,0,
2548,7,0,2,9,0,
2549,3,0,3,1,0,
2550,8,0,4,26,0,
2551,8,0,3,25,0,
2552,7,0,3,26,0,
2553,7,0,5,3,0,
2554,4,0,6,35,0,
2555,5,0,3,36,0,
2556,4,0,3,17,0,
2557,7,0,5,28,0,
2558,4,0,2,14,0,
2559,1,0,5,33,0,
2560,2,0,1,16,0,
2561,2,0,5,8,1,
2562,9,0,4,2,0,
2563,3,0,5,23,0,
2564,4,0,4,14,0,
2565,3,0,6,32,1,
2566,3,0,4,8,0,
2567,4,0,4,20,0,
2568,2,0,4,22,0,
2569,5,0,4,22,0,
2570,4,0,6,4,0,
2571,6,0,4,4,0,
2572,5,0,5,26,0,
2573,6,0,6,9,0,
2574,1,0,5,27,0,
2575,6,0,6,34,0,
2576,5,0,3,5,0,
2577,6,0,4,29,1,
2578,5,0,3,9,0,
2579,5,0,5,11,0,
2580,4,0,5,28,0,
2581,9,0,1,31,0,
2582,5,0,2,11,0,
2583,6,0,4,17,0,
2584,8,0,4,30,0,
2585,8,0,5,8,0,
2586,5,0,3,27,0,
2587,6,0,5,36,0,
2588,9,0,6,5,0,
2589,4,0,6,21,0,
2590,2,0,4,19,0,
2591,8,0,2,5,0,
2592,7,0,4,23,0,
2593,6,0,5,11,0,
2594,1,0,1,4,0,
2595,3,0,4,26,0,
2596,8,0,4,34,0,
2597,9,0,6,18,0,
2598,2,0,4,24,0,
2599,9,0,2,33,0,
2600,7,0,5,5,0,
2601,9,0,1,13,0,
2602,7,0,4,2,0,
2603,7,0,2,18,0,
2604,4,0,2,35,0,
2605,6,0,1,16,0,
2606,7,0,3,29,0,
2607,3,0,5,26,0,
2608,9,0,4,13,0,
2609,5,0,1,32,0,
2610,9,0,5,22,0,
2611,7,0,1,5,1,
2612,8,0,5,8,0,
2613,6,0,6,7,0,
2614,8,0,1,23,0,
2615,3,0,5,26,1,
2616,6,0,4,36,0,
2617,8,0,3,32,0,
2618,2,0,2,6,0,
2619,7,0,2,29,0,
2620,2,0,4,8,0,
2621,8,0,2,8,0,
2622,9,0,1,6,0,
2623,1,0,6,17,0,
2624,4,0,2,10,0,
2625,1,0,5,27,0,
2626,6,0,2,23,0,
2627,6,0,4,31,0,
2628,4,0,5,36,0,
2629,4,0,3,16,0,
2630,7,0,2,4,0,
2631,5,0,3,20,0,
2632,4,0,4,29,0,
2633,5,0,4,25,0,
2634,5,0,5,17,1,
2635,4,0,6,6,0,
2636,6,0,5,20,0,
2637,7,0,1,4,0,
2638,3,1,6,3,0,
2639,6,0,1,27,0,
2640,5,0,5,7,0,
2641,7,0,5,14,0,
2642,9,0,1,31,0,
2643,1,0,1,23,0,
2644,3,0,3,6,0,
2645,6,0,5,16,0,
2646,4,0,3,20,0,
2647,8,0,3,30,0,
2648,8,0,4,28,0,
2649,3,0,5,21,0,
2650,7,0,5,30,0,
2651,6,0,4,2,0,
2652,2,0,3,8,0,
2653,7,0,5,12,0,
2654,7,0,3,22,0,
2655,1,0,5,35,0,
2656,1,0,1,36,0,
2657,3,0,6,8,1,
2658,8,0,3,21,0,
2659,5,0,3,15,0,
2660,2,0,2,26,0,
2661,2,0,2,35,1,
2662,7,0,6,14,0,
2663,3,0,5,23,0,
2664,8,0,6,30,0,
2665,8,0,4,17,1,
2666,8,0,3,15,0,
2667,6,0,6,14,0,
2668,2,0,6,15,0,
2669,8,0,3,18,0,
2670,7,0,4,14,0,
2671,4,0,4,5,0,
2672,4,0,4,6,0,
2673,6,0,4,10,0,
2674,1,0,5,6,0,
2675,1,0,2,10,0,
2676,6,0,2,23,0,
2677,4,0,3,18,0,
2678,6,0,2,16,0,
2679,5,0,6,33,0,
2680,8,0,6,30,0,
2681,8,0,5,30,0,
2682,4,0,5,11,0,
2683,8,0,1,7,0,
2684,7,0,2,26,0,
2685,6,0,4,17,1,
2686,1,0,6,24,0,
2687,7,0,3,32,0,
2688,6,0,3,27,0,
2689,4,0,4,13,0,
2690,3,0,5,12,0,
2691,6,0,3,23,0,
2692,7,0,1,3,0,
2693,1,0,5,18,0,
2694,6,0,6,31,0,
2695,8,0,6,5,0,
2696,2,0,6,36,1,
2697,9,0,4,10,0,
2698,4,0,4,31,0,
2699,5,0,1,14,0,
2700,5,0,2,35,0,
2701,7,0,2,12,0,
2702,8,0,2,35,0,
2703,2,0,3,17,0,
2704,5,0,5,15,0,
2705,7,0,1,7,0,
2706,9,0,2,2,0,
2707,8,0,2,25,0,
2708,1,0,6,29,0,
2709,7,0,5,4,0,
2710,9,0,4,5,0,
2711,7,0,1,36,1,
2712,5,0,4,25,0,
2713,7,0,2,21,1,
2714,6,0,4,33,0,
2715,8,0,1,31,1,
2716,5,0,5,8,0,
2717,1,0,1,18,0,
2718,6,0,2,21,0,
2719,4,0,6,6,0,
2720,4,0,5,27,0,
2721,2,0,3,4,0,
2722,6,0,3,19,0,
2723,8,0,4,4,0,
2724,3,0,2,27,0,
2725,3,0,2,1,0,
2726,7,0,5,11,0,
2727,9,0,4,14,0,
2728,7,0,2,15,0,
2729,4,0,6,29,0,
2730,8,0,1,17,1,
2731,4,0,4,28,0,
2732,1,0,2,2,0,
2733,5,0,5,12,0,
2734,7,0,5,19,0,
2735,4,0,4,2,0,
2736,1,1,3,30,0,
2737,9,0,4,27,0,
2738,4,0,3,11,0,
2739,3,0,2,35,0,
2740,1,0,1,36,0,
2741,1,0,4,16,0,
2742,8,0,6,27,0,
2743,2,0,3,23,0,
2744,9,0,6,31,0,
2745,3,0,1,25,0,
2746,6,0,1,24,0,
2747,7,0,2,10,0,
2748,2,0,2,4,0,
2749,9,0,1,30,0,
2750,9,0,1,31,0,
2751,1,0,5,27,0,
2752,4,0,5,6,0,
2753,2,0,2,6,0,
2754,3,0,2,34,0,
2755,9,0,3,2,0,
2756,3,0,6,33,0,
2757,5,0,2,23,1,
2758,5,0,1,27,0,
2759,2,0,6,8,0,
2760,3,0,6,20,0,
2761,7,0,2,14,1,
2762,5,0,5,23,0,
2763,3,0,2,2,0,
2764,3,0,6,29,0,
2765,9,0,1,22,1,
2766,3,0,3,34,0,
2767,1,0,6,20,0,
2768,3,0,1,26,0,
2769,1,0,2,1,0,
2770,5,0,4,26,0,
2771,9,0,3,6,0,
2772,7,0,6,20,0,
2773,2,0,4,12,0,
2774,9,0,5,25,0,
2775,3,0,5,8,0,
2776,3,0,4,18,0,
2777,4,0,1,11,0,
2778,7,0,6,7,0,
2779,6,0,6,25,0,
2780,4,0,4,17,0,
2781,1,0,4,3,0,
2782,9,0,3,9,0,
2783,1,0,6,36,0,
2784,5,0,3,10,0,
2785,3,0,4,10,0,
2786,1,0,1,20,0,
2787,7,0,5,33,0,
2788,6,0,2,11,0,
2789,1,0,3,29,1,
2790,6,0,4,14,0,
2791,8,0,3,21,0,
2792,4,0,2,4,0,
2793,2,0,3,12,0,
2794,3,0,6,8,0,
2795,4,0,4,31,0,
2796,8,0,3,20,0,
2797,6,0,4,36,0,
2798,7,0,6,10,0,
2799,8,0,6,9,0,
2800,8,0,2,35,0,
2801,5,0,5,30,0,
2802,1,0,6,10,0,
2803,9,0,2,23,0,
2804,4,0,4,28,0,
2805,4,0,4,27,0,
2806,1,0,5,19,0,
2807,9,0,2,11,0,
2808,6,0,5,18,0,
2809,3,0,6,8,0,
2810,3,0,1,25,0,
2811,3,0,1,31,1,
2812,1,0,5,5,0,
2813,4,0,3,9,0,
2814,2,0,3,24,0,
2815,9,0,3,6,1,
2816,5,0,1,8,0,
2817,1,0,3,28,0,
2818,9,0,2,7,0,
2819,9,0,1,22,0,
2820,5,0,2,36,0,
2821,5,0,2,30,0,
2822,3,0,6,22,0,
2823,6,0,2,33,0,
2824,7,0,3,33,0,
2825,3,0,5,10,0,
2826,9,0,3,23,0,
2827,1,0,3,19,0,
2828,4,0,6,28,0,
2829,2,0,6,22,0,
2830,8,0,2,25,0,
2831,8,0,4,15,0,
2832,3,0,5,26,0,
2833,6,0,3,13,0,
2834,7,0,4,28,0,
2835,7,0,5,18,0,
2836,7,0,3,29,0,
2837,4,0,1,7,0,
2838,9,0,1,31,1,
2839,8,0,1,8,0,
2840,7,0,6,14,0,
2841,2,0,4,12,0,
2842,1,0,1,25,0,
2843,1,0,4,10,1,
2844,3,0,6,17,1,
2845,7,0,2,10,0,
2846,5,0,1,36,0,
2847,9,0,5,28,0,
2848,2,0,1,33,0,
2849,4,0,4,33,0,
2850,1,0,1,24,0,
2851,2,0,2,36,0,
2852,3,0,1,15,0,
2853,5,0,2,11,0,
2854,1,0,6,26,0,
2855,6,0,2,15,0,
2856,5,0,2,29,1,
2857,6,0,1,27,1,
2858,3,0,5,22,1,
2859,2,0,6,14,1,
2860,8,0,1,35,0,
2861,1,0,6,3,1,
2862,7,0,3,13,0,
2863,7,0,3,31,0,
2864,2,0,6,16,0,
2865,8,0,3,13,1,
2866,1,0,3,34,0,
2867,6,0,4,33,0,
2868,9,0,2,18,0,
2869,8,0,6,5,1,
2870,2,0,6,9,1,
2871,5,0,1,10,0,
2872,3,0,2,3,0,
2873,7,0,4,1,0,
2874,2,0,1,5,0,
2875,1,0,1,25,0,
2876,7,0,1,10,0,
2877,5,0,4,14,0,
2878,2,0,6,4,0,
2879,2,0,5,35,0,
2880,3,0,2,3,0,
2881,2,0,2,13,0,
2882,1,0,5,21,0,
2883,7,0,3,9,0,
2884,4,0,1,5,0,
2885,9,0,1,16,0,
2886,8,0,6,1,0,
2887,3,0,3,24,0,
2888,5,0,3,21,0,
2889,2,0,1,13,0,
2890,8,0,5,6,0,
2891,3,0,2,9,0,
2892,8,0,4,19,0,
2893,2,0,2,1,0,
2894,6,0,6,12,0,
2895,9,0,4,8,1,
2896,6,0,5,27,0,
2897,6,0,1,22,0,
2898,3,0,6,8,0,
2899,3,0,1,26,0,
2900,2,0,3,15,0,
2901,1,0,6,14,0,
2902,8,0,3,5,0,
2903,9,0,1,10,0,
2904,1,0,4,34,0,
2905,6,0,3,22,0,
2906,8,0,1,5,1,
2907,3,0,4,19,0,
2908,3,0,1,29,0,
2909,3,0,1,18,0,
2910,8,0,1,26,0,
2911,5,0,4,36,1,
2912,5,0,3,34,0,
2913,1,0,1,15,0,
2914,9,0,1,8,0,
2915,1,0,3,13,1,
2916,5,0,1,32,0,
2917,1,0,1,16,0,
2918,6,0,2,21,0,
2919,9,0,4,29,0,
2920,8,0,1,34,0,
2921,9,0,2,15,0,
2922,1,0,6,20,0,
2923,6,0,4,26,1,
2924,5,0,6,25,0,
2925,2,0,4,19,0,
2926,3,0,6,16,0,
2927,8,1,6,17,0,
2928,8,0,5,11,0,
2929,5,0,6,14,0,
2930,6,0,3,28,0,
2931,3,0,3,22,0,
2932,9,0,1,24,0,
2933,7,0,6,18,0,
2934,1,0,4,27,0,
2935,6,0,2,34,0,
2936,9,0,5,25,0,
2937,9,0,4,25,0,
2938,7,0,2,35,0,
2939,5,0,3,9,0,
2940,2,0,3,21,0,
2941,8,0,3,24,0,
2942,1,0,3,11,0,
2943,1,0,3,20,0,
2944,6,0,3,14,0,
2945,1,0,5,22,0,
2946,7,0,4,19,0,
2947,4,0,5,14,0,
2948,2,0,3,15,0,
2949,1,0,6,3,0,
2950,4,0,3,9,0,
2951,8,0,6,4,0,
2952,2,0,2,8,0,
2953,4,0,4,7,0,
2954,1,0,1,2,0,
2955,5,0,4,25,0,
2956,5,0,6,19,0,
2957,1,0,4,16,0,
2958,5,0,6,8,0,
2959,4,0,3,5,0,
2960,2,0,4,29,0,
2961,7,0,5,30,1,
2962,7,0,6,10,0,
2963,7,0,1,24,0,
2964,9,0,1,30,0,
2965,7,0,6,7,1,
2966,8,0,6,35,0,
2967,2,0,6,6,0,
2968,5,0,5,5,0,
2969,6,0,6,20,0,
2970,5,0,3,35,0,
2971,2,0,1,28,0,
2972,2,0,4,10,0,
2973,8,0,3,15,0,
2974,3,0,2,34,0,
2975,2,0,2,10,0,
2976,3,0,5,23,0,
2977,7,0,3,2,0,
2978,4,0,5,35,0,
2979,8,0,3,1,0,
2980,6,0,2,12,0,
2981,2,0,2,33,0,
2982,6,0,2,16,0,
2983,1,0,1,14,0,
2984,5,0,5,19,0,
2985,8,0,5,13,0,
2986,3,0,6,36,0,
2987,9,0,6,26,0,
2988,1,0,2,22,0,
2989,1,0,4,31,0,
2990,3,0,3,31,0,
2991,9,0,5,35,0,
2992,2,0,1,30,0,
2993,5,0,1,12,0,
2994,4,0,4,33,0,
2995,3,0,5,26,0,
2996,5,0,5,31,0,
2997,7,0,1,27,0,
2998,1,0,2,11,0,
2999,8,0,5,24,0,
3000,6,0,6,10,0,
3001,6,0,1,23,0,
3002,1,0,1,15,0,
3003,2,0,2,31,0,
3004,3,0,5,27,0,
3005,2,0,4,9,0,
3006,2,0,2,12,0,
3007,4,0,3,1,0,
3008,5,0,4,9,0,
3009,2,0,1,28,0,
3010,6,0,4,13,0,
3011,8,0,6,31,1,
3012,5,0,3,5,0,
3013,2,0,6,29,0,
3014,3,0,3,7,0,
3015,2,0,2,8,1,
3016,6,0,4,18,0,
3017,9,0,1,17,0,
3018,4,0,1,22,0,
3019,9,0,1,15,0,
3020,6,0,3,8,0,
3021,5,0,2,17,0,
3022,4,0,5,1,0,
3023,2,0,3,5,0,
3024,8,0,6,25,0,
3025,2,0,6,34,0,
3026,3,0,4,7,0,
3027,3,0,4,29,0,
3028,9,0,1,35,0,
3029,5,0,2,17,0,
3030,3,0,5,27,0,
3031,5,0,3,5,0,
3032,5,0,4,5,0,
3033,4,0,4,33,0,
3034,9,0,6,15,0,
3035,7,0,6,21,0,
3036,2,0,5,29,0,
3037,6,0,1,33,0,
3038,5,0,2,23,0,
3039,1,0,5,13,0,
3040,8,0,3,4,0,
3041,8,0,3,9,0,
3042,8,0,6,34,0,
3043,4,0,4,32,0,
3044,5,0,6,1,0,
3045,5,0,5,10,0,
3046,5,0,5,33,0,
3047,3,0,1,21,0,
3048,9,0,6,7,0,
3049,1,0,2,9,0,
3050,6,0,1,32,0,
3051,2,0,2,31,0,
3052,9,0,6,34,0,
3053,9,0,5,36,0,
3054,2,0,5,30,0,
3055,8,0,6,25,0,
3056,6,0,5,16,0,
3057,9,0,1,30,0,
3058,1,0,5,1,0,
3059,6,0,6,17,0,
3060,3,0,5,22,0,
3061,5,0,4,36,1,
3062,1,0,4,23,0,
3063,5,0,1,31,0,
3064,2,0,2,24,0,
3065,1,0,4,9,1,
3066,6,0,1,33,0,
3067,6,0,5,23,0,
3068,2,0,4,6,0,
3069,2,0,6,34,0,
3070,9,0,6,15,0,
3071,4,0,2,36,0,
3072,5,0,2,8,0,
3073,5,0,4,23,0,
3074,1,0,1,7,0,
3075,9,0,1,33,0,
3076,8,0,4,33,0,
3077,7,0,6,35,0,
3078,1,0,6,17,0,
3079,8,0,4,5,0,
3080,7,0,2,6,0,
3081,2,0,2,3,0,
3082,3,0,6,21,0,
3083,8,0,2,1,0,
3084,2,0,2,32,0,
3085,5,0,2,24,0,
3086,6,0,2,26,0,
3087,6,0,4,3,0,
3088,9,0,2,28,0,
3089,9,0,4,23,0,
3090,4,0,4,14,0,
3091,7,0,3,10,0,
3092,2,0,6,11,0,
3093,3,0,2,27,0,
3094,6,0,6,26,0,
3095,5,0,1,36,0,
3096,9,0,4,21,0,
3097,7,0,5,33,0,
3098,3,0,2,16,0,
3099,1,0,4,32,0,
3100,8,0,4,15,0,
3101,6,0,1,2,0,
3102,3,0,1,16,0,
3103,1,0,4,5,0,
3104,3,0,4,22,0,
3105,6,0,3,14,0,
3106,5,0,5,24,0,
3107,6,0,5,32,0,
3108,4,0,4,6,0,
3109,5,0,4,34,0,
3110,7,0,4,31,0,
3111,9,0,3,22,1,
3112,9,0,5,5,0,
3113,3,0,6,14,0,
3114,3,0,5,3,0,
3115,7,0,5,7,1,
3116,1,0,4,11,0,
3117,6,0,1,16,0,
3118,5,0,4,14,0,
3119,7,0,1,13,0,
3120,4,0,1,31,0,
3121,7,0,3,32,0,
3122,2,0,6,16,0,
3123,4,0,1,8,0,
3124,3,0,2,20,0,
3125,6,0,6,13,0,
3126,6,0,3,32,0,
3127,7,0,4,34,0,
3128,8,0,2,16,0,
3129,4,0,6,30,0,
3130,3,0,6,6,0,
3131,3,0,4,21,0,
3132,1,0,6,30,0,
3133,2,0,1,14,0,
3134,2,0,5,27,0,
3135,9,0,6,30,0,
3136,7,0,3,11,0,
3137,1,0,4,18,0,
3138,4,0,3,1,0,
3139,9,0,1,11,0,
3140,6,0,2,23,0,
3141,9,0,6,9,0,
3142,3,0,4,12,0,
3143,4,0,2,10,0,
3144,7,0,2,3,0,
3145,7,0,1,2,0,
3146,4,0,2,11,0,
3147,1,0,2,9,0,
3148,7,0,5,27,0,
3149,5,0,5,22,0,
3150,6,0,4,22,0,
3151,4,0,4,27,0,
3152,5,0,6,11,0,
3153,3,0,6,14,0,
3154,5,0,3,12,0,
3155,4,0,3,1,0,
3156,5,0,3,29,0,
3157,7,1,1,2,0,
3158,8,0,3,6,0,
3159,1,0,2,35,0,
3160,3,0,3,13,0,
3161,2,0,1,6,1,
3162,9,0,3,25,0,
3163,4,0,1,34,0,
3164,5,0,5,12,0,
3165,6,0,3,6,1,
3166,1,0,3,16,0,
3167,3,0,1,21,0,
3168,7,0,5,7,0,
3169,6,0,3,35,0,
3170,5,0,6,32,0,
3171,9,0,6,28,0,
3172,3,0,4,21,0,
3173,8,0,6,7,0,
3174,2,0,1,7,0,
3175,3,0,4,14,0,
3176,2,0,3,4,0,
3177,3,0,1,29,0,
3178,5,0,6,20,0,
3179,6,0,6,11,0,
3180,8,0,3,27,0,
3181,9,0,3,2,0,
3182,4,0,1,10,0,
3183,8,0,5,35,0,
3184,9,0,6,35,0,
3185,6,0,6,25,0,
3186,2,0,5,4,0,
3187,3,0,4,22,0,
3188,9,0,1,11,0,
3189,6,0,4,4,0,
3190,2,0,4,22,0,
3191,9,0,1,11,0,
3192,1,0,5,2,0,
3193,1,0,1,20,0,
3194,2,0,5,3,0,
3195,1,0,1,16,0,
3196,8,0,5,15,0,
3197,3,0,3,31,0,
3198,1,0,2,23,0,
3199,7,0,3,17,0,
3200,3,0,1,35,0,
3201,3,0,3,7,0,
3202,8,0,5,27,0,
3203,8,0,5,8,0,
3204,8,0,5,16,0,
3205,8,0,4,27,0,
3206,1,0,4,27,0,
3207,8,0,2,14,0,
3208,3,0,1,8,0,
3209,1,0,6,22,0,
3210,7,0,1,19,0,
3211,9,0,3,30,1,
3212,4,0,6,32,0,
3213,1,0,5,28,0,
3214,6,0,5,7,0,
3215,7,0,6,26,1,
3216,6,0,1,3,0,
3217,9,0,5,16,0,
3218,4,0,6,23,0,
3219,8,0,3,19,0,
3220,8,0,6,35,0,
3221,6,0,3,5,0,
3222,6,0,5,8,0,
3223,3,0,4,31,0,
3224,3,0,5,25,0,
3225,8,0,3,25,0,
3226,4,0,4,22,0,
3227,9,0,3,11,0,
3228,7,0,2,34,0,
3229,1,0,6,28,0,
3230,5,0,1,12,0,
3231,1,0,4,30,0,
3232,4,0,1,35,0,
3233,7,0,2,16,0,
3234,1,0,2,30,0,
3235,8,0,1,13,0,
3236,7,0,4,34,0,
3237,7,0,4,4,0,
3238,1,0,5,6,0,
3239,8,0,3,21,0,
3240,9,0,6,17,0,
3241,4,0,6,6,0,
3242,7,0,5,5,0,
3243,8,0,5,13,0,
3244,2,0,1,24,0,
3245,3,0,6,8,0,
3246,7,0,3,4,0,
3247,6,0,1,1,0,
3248,7,0,2,31,0,
3249,5,0,5,30,0,
3250,2,0,4,21,0,
3251,6,0,2,13,0,
3252,6,0,5,16,0,
3253,7,0,4,21,0,
3254,2,0,4,29,0,
3255,5,0,2,13,0,
3256,7,0,1,29,0,
3257,7,0,3,19,0,
3258,7,0,4,30,0,
3259,1,0,5,30,0,
3260,6,0,4,6,0,
3261,4,0,5,14,1,
3262,7,0,4,14,0,
3263,9,0,1,18,0,
3264,8,0,4,6,0,
3265,3,0,6,4,1,
3266,2,0,4,3,0,
3267,1,0,4,7,0,
3268,2,0,1,28,0,
3269,4,0,4,32,0,
3270,9,0,4,13,0,
3271,1,0,3,13,0,
3272,2,0,2,22,0,
3273,4,0,2,5,0,
3274,3,0,4,18,0,
3275,8,0,6,22,0,
3276,7,0,5,12,0,
3277,8,0,3,25,0,
3278,4,0,5,15,0,
3279,2,0,4,21,0,
3280,5,0,1,25,0,
3281,8,0,6,32,0,
3282,4,0,1,4,0,
3283,3,0,1,3,0,
3284,2,0,3,30,0,
3285,3,0,6,7,0,
3286,3,0,6,35,0,
3287,6,0,5,34,0,
3288,1,0,3,6,0,
3289,4,0,4,33,0,
3290,9,0,6,13,0,
3291,6,0,4,30,0,
3292,7,0,3,24,0,
3293,1,0,2,25,0,
3294,4,0,5,13,0,
3295,9,0,6,7,0,
3296,8,0,5,35,0,
3297,3,0,6,12,0,
3298,9,0,6,36,0,
3299,3,0,6,12,0,
3300,7,0,4,25,0,
3301,9,0,1,24,0,
3302,4,0,3,1,0,
3303,5,0,4,24,0,
3304,7,0,5,6,0,
3305,9,0,3,27,0,
3306,6,0,2,26,0,
3307,9,0,6,4,0,
3308,8,0,4,31,0,
3309,6,0,4,28,0,
3310,7,0,2,11,0,
3311,3,0,5,12,1,
3312,2,0,4,30,0,
3313,7,0,3,2,0,
3314,4,0,6,36,0,
3315,9,0,3,17,1,
3316,5,0,4,24,0,
3317,8,0,2,10,0,
3318,4,0,5,32,0,
3319,6,0,6,18,0,
3320,4,0,1,28,0,
3321,7,0,5,28,0,
3322,9,0,5,30,0,
3323,5,0,6,4,0,
3324,5,0,2,4,0,
3325,7,0,5,26,0,
3326,8,0,3,15,0,
3327,7,0,6,2,0,
3328,6,0,1,8,0,
3329,5,0,3,6,0,
3330,1,0,6,23,0,
3331,5,0,3,13,0,
3332,1,0,6,11,0,
3333,2,0,4,13,0,
3334,3,0,2,16,0,
3335,1,0,6,15,0,
3336,4,0,5,11,0,
3337,6,0,4,3,0,
3338,8,0,1,35,0,
3339,9,0,4,17,0,
3340,8,0,3,33,0,
3341,5,0,6,29,0,
3342,6,0,6,16,0,
3343,2,0,1,25,0,
3344,6,0,5,15,0,
3345,1,0,6,18,0,
3346,6,0,5,19,0,
3347,6,0,3,22,0,
3348,5,0,3,32,0,
3349,6,0,3,6,0,
3350,9,0,6,14,0,
3351,5,0,6,2,0,
3352,2,0,1,25,0,
3353,7,0,3,25,0,
3354,2,0,2,30,0,
3355,5,0,5,27,0,
3356,1,0,3,8,0,
3357,2,0,5,32,0,
3358,9,0,2,11,0,
3359,9,0,3,36,0,
3360,9,0,1,5,0,
3361,1,0,3,8,1,
3362,8,0,2,13,0,
3363,1,0,6,12,0,
3364,9,0,2,2,0,
3365,2,0,3,23,1,
3366,9,0,6,14,0,
3367,1,0,1,30,0,
3368,9,0,2,26,0,
3369,6,0,3,20,0,
3370,3,0,4,7,0,
3371,5,0,6,31,0,
3372,5,0,2,21,0,
3373,2,0,4,3,0,
3374,9,0,1,2,0,
3375,4,0,1,3,0,
3376,8,0,4,13,0,
3377,3,0,6,19,0,
3378,3,0,6,7,0,
3379,9,0,3,4,0,
3380,7,0,3,23,0,
3381,5,0,2,25,0,
3382,5,0,3,25,0,
3383,3,0,1,6,0,
3384,7,0,1,35,0,
3385,4,0,5,7,0,
3386,9,0,3,27,0,
3387,4,0,5,20,0,
3388,4,0,5,27,0,
3389,2,0,2,13,0,
3390,1,0,5,6,0,
3391,3,0,3,2,0,
3392,8,0,2,2,0,
3393,6,0,6,30,0,
3394,1,0,1,32,0,
3395,9,0,5,5,0,
3396,9,0,6,36,0,
3397,2,0,1,12,0,
3398,2,0,2,1,0,
3399,8,0,3,35,0,
3400,3,0,4,19,0,
3401,3,0,1,8,0,
3402,3,0,3,7,0,
3403,1,0,1,13,0,
3404,8,0,3,16,0,
3405,7,0,5,20,0,
3406,1,0,3,27,0,
3407,6,0,2,11,0,
3408,8,0,1,9,0,
3409,7,0,1,34,0,
3410,6,0,6,31,0,
3411,5,0,6,26,1,
3412,3,0,4,9,0,
3413,2,0,1,18,0,
3414,2,0,3,16,0,
3415,5,0,3,16,1,
3416,8,0,4,20,0,
3417,2,0,4,9,0,
3418,9,0,6,24,0,
3419,8,0,3,19,0,
3420,1,0,5,12,0,
3421,3,0,3,20,0,
3422,8,0,1,18,0,
3423,3,0,5,30,0,
3424,3,0,2,17,0,
3425,4,0,1,24,0,
3426,7,0,6,5,0,
3427,3,0,2,34,0,
3428,6,0,4,34,0,
3429,5,0,6,27,0,
3430,3,0,1,32,0,
3431,7,0,6,1,0,
3432,5,0,5,9,0,
3433,8,0,1,8,0,
3434,7,0,2,14,0,
3435,2,0,6,16,0,
3436,4,0,6,15,0,
3437,9,0,5,34,0,
3438,7,0,3,15,0,
3439,5,0,3,32,0,
3440,2,0,4,8,0,
3441,7,0,2,21,0,
3442,6,0,5,19,0,
3443,8,0,2,22,0,
3444,8,0,6,2,0,
3445,7,0,2,17,0,
3446,2,0,5,19,0,
3447,4,0,4,28,0,
3448,8,0,6,5,0,
3449,8,0,6,23,0,
3450,1,1,4,15,0,
3451,8,0,6,7,0,
3452,1,0,5,14,0,
3453,6,0,1,18,0,
3454,3,0,2,3,0,
3455,4,0,5,33,0,
3456,2,0,4,33,0,
3457,9,0,1,2,0,
3458,1,0,2,5,0,
3459,1,0,6,19,0,
3460,4,0,4,3,0,
3461,8,0,4,8,1,
3462,8,0,4,25,0,
3463,8,0,2,28,0,
3464,1,0,2,20,0,
3465,1,0,5,12,1,
3466,6,0,3,32,0,
3467,3,0,4,12,0,
3468,7,0,4,22,0,
3469,8,0,4,13,0,
3470,4,0,3,4,0,
3471,9,0,6,22,0,
3472,7,0,6,33,0,
3473,2,0,4,22,0,
3474,2,0,2,8,0,
3475,3,0,4,29,0,
3476,5,0,6,16,0,
3477,9,0,5,9,0,
3478,4,0,3,36,0,
3479,9,0,1,33,0,
3480,9,0,4,9,0,
3481,5,0,6,11,0,
3482,8,0,6,10,0,
3483,9,0,6,1,0,
3484,8,0,3,36,0,
3485,6,0,1,6,0,
3486,8,0,1,30,0,
3487,2,0,2,11,0,
3488,3,0,6,31,0,
3489,1,0,5,13,0,
3490,5,0,1,35,0,
3491,3,0,6,26,0,
3492,3,0,6,5,0,
3493,4,0,1,16,0,
3494,2,0,1,14,0,
3495,7,0,5,35,0,
3496,6,0,1,15,0,
3497,5,0,5,3,0,
3498,2,0,1,6,0,
3499,4,0,5,13,0,
3500,3,0,1,12,0,
3501,8,0,3,21,0,
3502,1,0,5,4,0,
3503,7,0,4,26,0,
3504,6,0,2,11,0,
3505,2,0,1,34,0,
3506,9,0,5,36,0,
3507,7,0,1,20,0,
3508,4,0,3,23,0,
3509,8,0,1,15,0,
3510,3,0,3,1,0,
3511,3,0,5,28,1,
3512,4,0,2,33,0,
3513,7,0,5,31,0,
3514,5,0,6,36,0,
3515,6,0,1,31,1,
3516,8,0,6,31,0,
3517,6,0,4,1,0,
3518,7,0,6,26,0,
3519,3,0,5,27,0,
3520,9,0,6,21,0,
3521,6,0,5,15,0,
3522,9,0,3,22,0,
3523,9,0,3,31,0,
3524,2,0,4,2,0,
3525,3,0,1,31,0,
3526,7,0,1,31,0,
3527,7,0,2,28,0,
3528,5,0,4,27,0,
3529,8,0,6,16,0,
3530,1,0,3,9,0,
3531,8,0,2,16,0,
3532,3,0,6,35,0,
3533,1,0,2,21,0,
3534,9,0,4,23,0,
3535,9,0,1,22,0,
3536,4,0,5,27,0,
3537,3,0,6,24,0,
3538,2,0,6,28,0,
3539,4,0,2,30,0,
3540,1,0,3,22,0,
3541,2,0,6,4,0,
3542,5,0,6,29,0,
3543,9,0,6,29,0,
3544,4,0,1,27,0,
3545,1,0,5,33,0,
3546,5,0,1,27,0,
3547,4,0,6,13,0,
3548,8,0,6,9,0,
3549,8,0,4,13,0,
3550,9,0,6,27,0,
3551,8,0,3,8,0,
3552,8,0,6,5,0,
3553,1,0,2,34,0,
3554,7,0,5,32,0,
3555,2,0,4,4,0,
3556,2,0,3,5,0,
3557,6,0,4,4,0,
3558,6,0,6,36,0,
3559,9,0,5,4,0,
3560,4,0,6,19,0,
3561,5,0,6,2,1,
3562,3,0,6,13,0,
3563,7,0,6,20,0,
3564,9,0,5,28,0,
3565,3,0,5,29,1,
3566,8,0,1,30,0,
3567,2,0,1,33,0,
3568,6,0,3,28,0,
3569,7,0,2,19,0,
3570,3,0,4,9,0,
3571,5,0,1,24,0,
3572,8,0,1,3,0,
3573,6,0,6,12,0,
3574,7,0,4,13,0,
3575,9,0,1,20,0,
3576,1,0,4,26,0,
3577,4,0,1,19,0,
3578,7,0,2,31,0,
3579,3,0,6,10,0,
3580,9,0,3,26,0,
3581,6,0,6,23,0,
3582,9,0,2,25,0,
3583,1,0,6,10,0,
3584,2,0,6,9,0,
3585,8,0,1,34,0,
3586,7,0,4,13,0,
3587,3,0,3,35,0,
3588,6,0,2,25,0,
3589,5,0,6,14,0,
3590,5,0,5,18,0,
3591,4,0,6,6,0,
3592,5,0,2,19,0,
3593,7,0,1,26,0,
3594,6,0,4,1,0,
3595,8,0,5,33,0,
3596,1,0,2,36,0,
3597,3,0,4,23,0,
3598,4,0,2,25,0,
3599,9,0,1,8,0,
3600,8,0,3,34,0,
3601,8,0,4,5,0,
3602,7,0,1,30,0,
3603,9,0,4,19,0,
3604,3,0,2,13,0,
3605,5,0,1,13,0,
3606,2,0,5,22,0,
3607,7,0,2,33,0,
3608,5,0,4,9,0,
3609,8,0,2,20,0,
3610,8,0,5,34,0,
3611,3,0,6,1,1,
3612,1,0,1,11,0,
3613,3,0,3,36,0,
3614,8,0,1,8,0,
3615,4,0,3,17,1,
3616,4,0,1,7,0,
3617,3,0,4,4,0,
3618,4,0,6,9,0,
3619,8,0,4,20,0,
3620,2,0,1,8,0,
3621,3,0,2,33,0,
3622,2,0,1,32,0,
3623,4,0,1,25,0,
3624,2,0,5,14,0,
3625,5,0,3,28,0,
3626,5,0,3,29,0,
3627,1,0,6,23,0,
3628,5,0,4,19,0,
3629,4,0,5,29,0,
3630,9,0,5,34,0,
3631,7,0,6,8,0,
3632,8,0,5,34,0,
3633,1,0,1,21,0,
3634,5,0,5,19,0,
3635,4,0,3,31,0,
3636,2,0,3,7,0,
3637,8,0,5,7,0,
3638,4,0,6,3,0,
3639,5,0,4,22,0,
3640,2,0,5,31,0,
3641,7,0,1,7,0,
3642,6,0,4,22,0,
3643,9,0,2,33,0,
3644,6,0,5,6,0,
3645,4,0,2,24,0,
3646,9,0,2,23,0,
3647,2,0,1,30,0,
3648,7,0,6,23,0,
3649,1,0,1,8,0,
3650,3,0,2,11,0,
3651,9,0,1,4,0,
3652,3,0,2,2,0,
3653,9,0,3,11,0,
3654,3,0,6,11,0,
3655,5,0,3,17,0,
3656,9,0,5,15,0,
3657,9,0,1,18,0,
3658,6,0,6,14,0,
3659,6,0,2,34,0,
3660,5,0,4,2,0,
3661,7,0,3,29,1,
3662,8,0,4,34,0,
3663,1,0,1,9,0,
3664,5,0,2,10,0,
3665,6,0,3,27,1,
3666,3,0,5,30,0,
3667,2,0,3,11,0,
3668,8,0,6,29,0,
3669,6,0,5,32,0,
3670,3,0,6,1,0,
3671,6,0,6,20,0,
3672,2,0,6,13,0,
3673,3,0,3,6,0,
3674,6,0,1,17,0,
3675,9,0,6,28,0,
3676,5,0,3,21,0,
3677,7,0,4,9,0,
3678,6,0,3,31,0,
3679,9,0,5,5,0,
3680,3,0,1,26,0,
3681,5,0,3,22,0,
3682,3,0,2,28,0,
3683,5,0,2,14,0,
3684,3,0,5,16,0,
3685,5,0,4,34,0,
3686,7,0,4,17,0,
3687,6,0,5,24,0,
3688,8,0,5,18,0,
3689,9,0,2,19,0,
3690,6,0,6,11,0,
3691,6,0,2,26,0,
3692,9,0,6,28,0,
3693,7,0,5,10,0,
3694,6,0,6,24,0,
3695,5,0,2,25,0,
3696,4,0,6,13,0,
3697,9,0,6,25,0,
3698,5,0,2,24,0,
3699,2,1,2,10,0,
3700,1,0,1,26,0,
3701,7,0,6,36,0,
3702,2,0,4,6,0,
3703,9,0,1,12,0,
3704,4,0,3,17,0,
3705,7,0,3,12,0,
3706,6,0,4,2,0,
3707,4,0,2,4,0,
3708,2,0,3,34,0,
3709,3,0,6,8,0,
3710,8,0,3,9,0,
3711,1,0,5,16,1,
3712,6,0,5,30,0,
3713,2,0,5,15,0,
3714,8,0,6,8,0,
3715,5,0,5,1,1,
3716,1,0,6,15,0,
3717,2,0,2,16,0,
3718,1,0,5,23,0,
3719,1,0,6,13,0,
3720,1,0,2,1,0,
3721,4,0,5,10,0,
3722,4,0,1,36,0,
3723,2,0,1,30,0,
3724,3,0,2,15,0,
3725,3,0,3,15,0,
3726,5,0,4,16,0,
3727,8,0,1,13,0,
3728,5,0,5,10,0,
3729,4,0,2,2,0,
3730,9,0,1,10,0,
3731,4,0,3,9,0,
3732,4,0,2,23,0,
3733,3,0,4,3,0,
3734,8,0,4,23,0,
3735,9,0,4,20,0,
3736,4,0,1,34,0,
3737,8,0,2,36,0,
3738,6,0,5,24,0,
3739,8,0,5,25,0,
3740,2,0,2,20,0,
3741,6,0,3,14,0,
3742,6,0,3,25,0,
3743,1,0,2,13,0,
3744,5,0,2,19,0,
3745,5,0,3,8,0,
3746,9,0,5,20,0,
3747,4,0,4,34,0,
3748,3,0,6,23,0,
3749,6,0,3,3,0,
3750,9,0,1,13,0,
3751,9,0,1,28,0,
3752,8,0,6,30,0,
3753,5,0,4,10,0,
3754,7,0,6,23,0,
3755,5,0,6,20,0,
3756,9,0,3,3,0,
3757,4,0,1,14,0,
3758,2,0,4,1,0,
3759,3,0,4,31,0,
3760,7,0,1,29,0,
3761,1,0,6,22,1,
3762,3,0,5,5,0,
3763,9,0,5,9,0,
3764,3,0,2,17,0,
3765,1,0,5,34,1,
3766,2,0,3,36,0,
3767,8,0,5,8,0,
3768,4,0,1,16,0,
3769,1,0,3,13,0,
3770,6,0,3,12,0,
3771,6,1,1,34,0,
3772,2,0,4,20,0,
3773,8,0,5,5,0,
3774,3,0,6,10,0,
3775,8,0,3,24,0,
3776,8,0,1,17,0,
3777,4,0,6,7,0,
3778,3,0,4,28,0,
3779,5,0,2,29,0,
3780,2,0,3,13,0,
3781,5,0,4,2,0,
3782,3,0,5,20,0,
3783,4,0,5,30,0,
3784,3,0,5,2,0,
3785,1,0,4,25,0,
3786,3,0,4,3,0,
3787,4,0,2,35,0,
3788,1,0,2,8,0,
3789,1,0,4,27,0,
3790,3,0,6,15,0,
3791,7,0,3,4,0,
3792,8,0,6,7,0,
3793,2,0,2,15,0,
3794,5,0,2,30,0,
3795,3,0,4,6,0,
3796,9,0,6,2,0,
3797,2,0,5,4,0,
3798,4,0,4,34,0,
3799,1,0,5,8,0,
3800,3,0,5,11,0,
3801,8,0,1,30,0,
3802,8,0,1,22,0,
3803,7,0,4,9,0,
3804,1,0,3,32,0,
3805,4,0,3,36,0,
3806,7,0,5,14,0,
3807,9,0,3,17,0,
3808,3,0,6,11,0,
3809,6,0,1,27,0,
3810,1,0,2,2,0,
3811,5,0,1,15,1,
3812,4,0,2,13,0,
3813,6,0,6,2,0,
3814,5,0,1,11,0,
3815,2,0,3,18,1,
3816,2,0,1,1,0,
3817,8,0,1,22,0,
3818,5,0,5,24,0,
3819,7,0,3,14,0,
3820,6,0,3,16,0,
3821,5,0,5,29,0,
3822,9,0,2,30,0,
3823,5,0,6,21,0,
3824,3,0,5,8,0,
3825,1,0,2,17,0,
3826,4,0,2,36,0,
3827,4,0,6,9,0,
3828,8,0,4,9,0,
3829,8,0,2,8,0,
3830,9,0,3,15,0,
3831,6,0,5,25,0,
3832,4,0,5,21,0,
3833,4,0,3,20,0,
3834,7,0,6,25,0,
3835,1,0,4,15,0,
3836,1,0,6,5,0,
3837,3,0,6,34,0,
3838,3,0,6,18,0,
3839,8,0,4,28,0,
3840,1,0,6,20,0,
3841,1,0,2,27,0,
3842,8,0,4,17,0,
3843,6,0,2,3,0,
3844,4,0,2,28,0,
3845,4,0,1,23,0,
3846,6,0,3,28,0,
3847,1,0,5,5,0,
3848,9,0,1,9,0,
3849,8,0,4,20,0,
3850,7,0,4,9,0,
3851,7,0,5,27,0,
3852,9,0,6,19,0,
3853,5,0,6,2,0,
3854,3,0,5,19,0,
3855,2,0,2,33,0,
3856,4,0,6,35,0,
3857,7,0,1,34,0,
3858,7,0,3,9,0,
3859,2,0,3,18,0,
3860,8,0,2,26,0,
3861,9,0,2,20,1,
3862,5,0,1,13,0,
3863,1,0,1,14,0,
3864,9,0,6,35,0,
3865,1,0,4,27,1,
3866,9,0,3,4,0,
3867,5,0,4,5,0,
3868,7,0,2,15,0,
3869,1,0,2,31,0,
3870,2,0,1,5,0,
3871,6,0,6,31,0,
3872,8,0,2,24,0,
3873,9,0,3,2,0,
3874,5,0,3,3,0,
3875,7,0,2,1,0,
3876,2,0,4,1,0,
3877,6,0,6,18,0,
3878,9,0,3,7,0,
3879,4,0,6,2,0,
3880,1,0,4,9,0,
3881,3,0,6,29,0,
3882,5,0,6,3,0,
3883,6,0,3,2,0,
3884,7,0,6,8,0,
3885,8,0,3,23,0,
3886,4,0,2,26,0,
3887,2,0,4,4,0,
3888,1,0,6,30,0,
3889,7,0,2,24,0,
3890,6,0,3,36,0,
3891,8,0,1,36,0,
3892,9,0,4,32,0,
3893,9,0,5,8,0,
3894,7,0,5,25,0,
3895,1,0,4,7,0,
3896,1,0,6,19,0,
3897,4,0,5,6,0,
3898,5,0,5,28,0,
3899,3,0,5,10,0,
3900,3,0,5,15,0,
3901,6,0,5,33,0,
3902,9,0,4,28,0,
3903,8,0,4,24,0,
3904,1,0,2,23,0,
3905,6,0,5,30,0,
3906,6,0,2,26,0,
3907,7,0,2,31,0,
3908,2,0,4,28,0,
3909,8,0,3,3,0,
3910,7,0,2,24,0,
3911,8,0,6,28,1,
3912,7,0,3,18,0,
3913,7,0,5,31,0,
3914,3,0,6,25,0,
3915,4,0,2,25,1,
3916,7,0,4,10,0,
3917,3,0,2,21,0,
3918,1,0,2,21,0,
3919,4,0,6,4,0,
3920,4,0,6,10,0,
3921,5,0,3,19,0,
3922,5,0,6,16,0,
3923,4,0,6,16,0,
3924,4,0,1,31,0,
3925,1,0,2,26,0,
3926,8,0,2,8,0,
3927,1,0,2,15,0,
3928,2,0,2,30,0,
3929,1,0,6,13,0,
3930,8,0,2,27,0,
3931,6,0,1,14,0,
3932,7,0,2,3,0,
3933,4,0,2,35,0,
3934,6,0,4,26,0,
3935,2,0,6,5,0,
3936,8,0,6,8,0,
3937,9,0,2,1,0,
3938,3,0,2,31,0,
3939,1,0,2,32,0,
3940,7,0,6,27,0,
3941,4,0,3,30,0,
3942,2,0,4,6,0,
3943,4,0,1,17,0,
3944,4,0,5,10,0,
3945,2,0,3,28,0,
3946,7,0,2,27,0,
3947,6,0,1,35,0,
3948,1,0,3,8,0,
3949,8,0,1,16,0,
3950,3,0,5,3,0,
3951,3,0,6,2,0,
3952,4,0,6,34,0,
3953,4,0,2,31,0,
3954,4,0,3,15,0,
3955,2,0,3,15,0,
3956,2,0,5,10,0,
3957,9,0,3,12,0,
3958,4,0,3,19,0,
3959,5,0,3,9,0,
3960,1,0,3,26,0,
3961,8,0,6,10,1,
3962,2,0,5,11,0,
3963,2,0,4,3,0,
3964,7,0,3,28,0,
3965,4,0,5,1,1,
3966,6,0,2,2,0,
3967,4,0,5,28,0,
3968,8,0,4,24,0,
3969,6,0,3,26,0,
3970,6,0,4,26,0,
3971,4,0,3,22,0,
3972,7,0,5,27,0,
3973,9,0,3,24,0,
3974,6,0,6,13,0,
3975,6,0,6,17,0,
3976,4,0,4,25,0,
3977,8,0,5,26,0,
3978,2,0,3,1,0,
3979,9,0,4,13,0,
3980,8,0,6,12,0,
3981,1,0,4,18,0,
3982,1,0,2,31,0,
3983,3,0,4,31,0,
3984,5,0,5,16,0,
3985,2,0,4,31,0,
3986,6,0,2,13,0,
3987,3,0,5,32,0,
3988,4,0,3,9,0,
3989,7,0,2,17,0,
3990,7,0,6,30,0,
3991,4,0,4,5,0,
3992,9,0,5,7,0,
3993,5,0,6,20,0,
3994,3,0,2,28,0,
3995,7,0,3,15,0,
3996,7,0,1,35,0,
3997,7,0,4,20,0,
3998,9,0,2,16,0,
3999,3,0,2,35,0,
4000,3,0,3,21,0,
4001,8,0,3,21,0,
4002,2,0,1,33,0,
4003,5,0,1,3,0,
4004,7,0,6,16,0,
4005,4,0,5,13,0,
4006,3,0,5,19,0,
4007,1,0,2,18,0,
4008,7,0,4,17,0,
4009,6,0,3,5,0,
4010,6,0,2,13,0,
4011,6,0,6,4,1,
4012,5,0,6,20,0,
4013,4,0,1,11,0,
4014,9,0,3,7,0,
4015,8,0,2,16,1,
4016,3,0,3,8,0,
4017,1,0,2,1,0,
4018,1,0,6,6,0,
4019,1,0,6,20,0,
4020,7,0,5,10,0,
4021,8,0,3,4,0,
4022,7,0,2,36,0,
4023,7,0,3,9,0,
4024,4,0,6,15,0,
4025,6,0,1,35,0,
4026,1,0,2,14,0,
4027,5,0,6,10,0,
4028,7,0,2,10,0,
4029,6,0,5,36,0,
4030,4,0,5,8,0,
4031,4,0,3,11,0,
4032,5,0,5,2,0,
4033,3,0,4,8,0,
4034,9,0,5,21,0,
4035,2,0,4,10,0,
4036,6,0,4,13,0,
4037,1,0,4,35,0,
4038,7,0,3,20,0,
4039,2,0,4,8,0,
4040,7,0,1,32,0,
4041,6,0,5,15,0,
4042,9,0,5,14,0,
4043,5,0,1,15,0,
4044,4,0,6,14,0,
4045,4,0,5,36,0,
4046,9,0,3,30,0,
4047,6,0,4,10,0,
4048,5,0,2,20,0,
4049,4,0,2,16,0,
4050,6,0,3,4,0,
4051,6,0,4,12,0,
4052,6,0,3,5,0,
4053,4,0,4,9,0,
4054,5,0,3,13,0,
4055,5,0,6,32,0,
4056,4,0,2,20,0,
4057,9,0,4,27,0,
4058,9,0,3,9,0,
4059,9,0,1,31,0,
4060,8,0,2,11,0,
4061,9,0,1,3,1,
4062,7,0,2,5,0,
4063,7,0,1,6,0,
4064,2,0,5,10,0,
4065,8,0,1,24,1,
4066,4,0,4,6,0,
4067,1,0,2,22,0,
4068,8,0,3,27,0,
4069,6,0,5,8,0,
4070,1,0,4,26,0,
4071,4,0,1,21,0,
4072,4,0,6,27,0,
4073,9,0,3,5,0,
4074,5,0,5,24,0,
4075,4,0,4,1,0,
4076,6,0,1,29,0,
4077,8,0,1,28,0,
4078,4,0,6,1,0,
4079,2,0,5,24,0,
4080,6,0,5,15,0,
4081,4,0,5,14,0,
4082,7,0,1,29,0,
4083,1,0,6,26,0,
4084,8,0,4,29,0,
4085,4,0,5,8,0,
4086,5,0,5,23,0,
4087,6,0,1,27,0,
4088,7,0,2,26,0,
4089,2,0,4,6,0,
4090,8,0,4,9,0,
4091,2,0,3,1,0,
4092,8,0,1,22,0,
4093,8,0,1,9,0,
4094,1,1,4,12,0,
4095,5,0,5,36,0,
4096,9,0,5,24,0,
4097,9,0,2,25,0,
4098,9,0,1,11,0,
4099,5,0,4,8,0,
4100,3,0,4,19,0,
4101,3,0,1,34,0,
4102,1,0,4,25,0,
4103,2,0,3,10,0,
4104,7,0,1,6,0,
4105,7,0,6,17,0,
4106,2,0,4,15,0,
4107,3,0,4,19,0,
4108,7,0,4,5,0,
4109,9,0,6,8,0,
4110,7,0,6,10,0,
4111,4,0,1,10,1,
4112,1,0,1,13,0,
4113,9,0,1,20,0,
4114,1,0,1,34,0,
4115,8,0,4,4,1,
4116,1,0,2,11,0,
4117,5,0,1,5,0,
4118,3,0,6,34,0,
4119,7,0,3,18,0,
4120,1,0,4,31,0,
4121,7,0,4,26,0,
4122,6,0,3,34,0,
4123,4,0,6,27,0,
4124,4,0,6,19,0,
4125,9,0,4,6,0,
4126,4,0,2,7,0,
4127,5,0,5,26,0,
4128,8,0,5,27,0,
4129,9,0,3,11,0,
4130,2,0,5,32,0,
4131,2,0,2,16,0,
4132,7,0,2,5,0,
4133,6,0,5,15,0,
4134,7,0,4,14,0,
4135,5,0,6,2,0,
4136,8,0,2,23,0,
4137,5,0,4,24,0,
4138,2,0,5,17,0,
4139,7,0,4,30,0,
4140,1,0,2,35,0,
4141,9,0,2,30,0,
4142,3,0,4,15,0,
4143,1,0,6,16,0,
4144,3,0,1,19,0,
4145,5,0,1,19,0,
4146,8,0,6,16,0,
4147,7,0,2,13,0,
4148,2,0,2,26,0,
4149,8,0,6,12,0,
4150,7,0,4,17,0,
4151,4,0,3,5,0,
4152,4,0,2,23,0,
4153,8,0,4,26,0,
4154,9,0,1,16,0,
4155,8,0,6,15,0,
4156,9,0,4,5,0,
4157,6,0,2,35,0,
4158,9,0,4,15,0,
4159,5,0,6,8,0,
4160,5,0,6,32,0,
4161,3,0,6,1,1,
4162,2,0,3,26,0,
4163,4,0,4,7,0,
4164,6,0,3,18,0,
4165,9,0,3,30,1,
4166,2,0,2,32,0,
4167,1,0,6,6,0,
4168,6,0,5,27,0,
4169,3,0,5,16,0,
4170,3,0,2,7,0,
4171,8,0,6,18,0,
4172,3,0,2,2,0,
4173,9,0,1,11,0,
4174,3,0,6,12,0,
4175,3,0,4,25,0,
4176,8,0,5,14,0,
4177,6,0,4,8,0,
4178,8,0,3,7,0,
4179,1,0,6,3,0,
4180,8,0,6,2,0,
4181,6,0,3,28,0,
4182,1,0,3,22,0,
4183,3,0,5,13,0,
4184,7,0,5,12,0,
4185,7,0,6,22,0,
4186,1,0,5,13,0,
4187,5,0,5,14,0,
4188,4,0,2,5,0,
4189,4,0,3,28,0,
4190,1,0,5,23,0,
4191,7,0,2,25,0,
4192,2,0,3,16,0,
4193,6,0,4,18,0,
4194,4,0,5,26,0,
4195,4,0,2,16,0,
4196,2,0,5,30,0,
4197,3,0,4,27,0,
4198,4,0,4,12,0,
4199,6,0,4,31,0,
4200,6,0,1,9,0,
4201,5,0,6,12,0,
4202,8,0,1,15,0,
4203,7,0,3,7,0,
4204,3,0,2,12,0,
4205,6,0,1,36,0,
4206,3,0,3,36,0,
4207,5,0,2,35,0,
4208,2,0,4,29,0,
4209,9,0,2,8,0,
4210,8,0,4,33,0,
4211,2,0,2,5,1,
4212,1,0,6,2,0,
4213,7,0,4,12,0,
4214,8,0,2,30,0,
4215,2,0,3,35,1,
4216,3,0,4,32,0,
4217,5,0,2,15,0,
4218,7,0,3,25,0,
4219,8,0,4,10,0,
4220,5,0,3,29,0,
4221,3,0,5,2,0,
4222,7,0,1,21,0,
4223,5,0,6,1,0,
4224,2,0,2,18,0,
4225,1,0,6,24,0,
4226,1,0,4,19,0,
4227,3,0,1,18,0,
4228,9,0,3,26,0,
4229,1,0,6,12,0,
4230,8,0,6,32,0,
4231,8,0,2,24,0,
4232,3,0,6,31,0,
4233,8,0,1,5,0,
4234,4,0,4,12,0,
4235,7,0,4,4,0,
4236,7,0,1,22,0,
4237,6,0,3,13,0,
4238,6,0,6,13,0,
4239,4,0,2,9,0,
4240,9,0,4,30,0,
4241,9,0,1,10,0,
4242,1,0,2,9,0,
4243,5,0,5,34,0,
4244,4,0,5,8,0,
4245,5,0,5,15,0,
4246,8,0,1,15,0,
4247,4,0,2,12,0,
4248,2,0,4,21,0,
4249,6,0,2,3,0,
4250,6,0,3,27,0,
4251,2,0,2,15,0,
4252,4,0,6,29,0,
4253,6,0,5,36,0,
4254,3,0,2,33,0,
4255,4,0,1,10,0,
4256,5,0,1,29,0,
4257,2,0,6,12,0,
4258,4,0,2,24,0,
4259,8,0,2,18,0,
4260,2,0,5,30,0,
4261,7,0,6,34,1,
4262,4,0,2,21,0,
4263,5,0,5,30,0,
4264,6,0,1,9,0,
4265,8,0,2,12,1,
4266,4,0,4,11,0,
4267,6,0,1,13,0,
4268,8,0,2,24,0,
4269,1,0,1,8,0,
4270,3,0,6,8,0,
4271,3,0,5,27,0,
4272,6,0,2,24,0,
4273,5,0,1,22,0,
4274,7,0,1,20,0,
4275,1,0,1,33,0,
4276,6,0,2,25,0,
4277,7,0,1,5,0,
4278,7,0,5,20,0,
4279,4,0,4,25,0,
4280,6,0,1,4,0,
4281,5,0,5,33,0,
4282,8,0,3,1,0,
4283,4,0,2,10,0,
4284,9,0,1,9,0,
4285,7,0,4,2,0,
4286,1,0,6,1,0,
4287,7,0,5,2,0,
4288,4,0,2,27,0,
4289,2,0,4,18,0,
4290,3,0,6,11,0,
4291,2,0,5,29,0,
4292,5,0,3,34,0,
4293,4,0,4,15,0,
4294,6,0,4,7,0,
4295,5,0,1,27,0,
4296,1,0,2,31,0,
4297,2,0,4,17,0,
4298,5,0,5,33,0,
4299,8,0,3,12,0,
4300,4,0,2,3,0,
4301,6,0,6,14,0,
4302,9,0,3,4,0,
4303,7,0,4,19,0,
4304,2,0,2,20,0,
4305,3,0,5,13,0,
4306,1,0,1,27,0,
4307,1,0,4,35,0,
4308,1,0,1,5,0,
4309,5,0,2,33,0,
4310,2,0,4,7,0,
4311,7,0,4,27,1,
4312,8,0,2,16,0,
4313,4,0,4,3,0,
4314,8,0,3,5,0,
4315,7,0,5,29,1,
4316,3,0,6,14,0,
4317,5,0,5,7,0,
4318,4,0,6,4,0,
4319,4,0,6,31,0,
4320,2,0,6,6,0,
4321,2,0,6,32,0,
4322,5,0,6,5,0,
4323,6,0,6,13,0,
4324,5,0,5,30,0,
4325,5,0,4,19,0,
4326,7,0,5,10,0,
4327,4,0,1,16,0,
4328,5,0,4,33,0,
4329,7,0,5,21,0,
4330,6,0,6,28,0,
4331,1,1,6,6,0,
4332,8,0,3,5,0,
4333,4,0,5,33,0,
4334,4,0,5,10,0,
4335,5,0,6,25,0,
4336,3,0,6,26,0,
4337,4,0,3,2,0,
4338,9,0,6,13,0,
4339,9,0,5,28,0,
4340,5,0,6,23,0,
4341,9,0,5,28,0,
4342,9,0,3,32,0,
4343,1,0,5,30,0,
4344,7,0,4,27,0,
4345,9,0,1,31,0,
4346,9,0,1,24,0,
4347,1,0,3,32,0,
4348,3,0,6,27,0,
4349,2,0,2,13,0,
4350,1,0,3,33,0,
4351,6,0,2,21,0,
4352,1,0,3,12,0,
4353,3,0,5,4,0,
4354,8,0,1,16,0,
4355,5,0,2,7,0,
4356,7,0,2,7,0,
4357,4,0,4,14,0,
4358,4,0,4,33,0,
4359,1,0,2,27,0,
4360,3,0,5,8,0,
4361,2,0,4,21,1,
4362,3,0,1,18,0,
4363,6,0,3,4,0,
4364,9,0,2,26,0,
4365,9,0,5,19,1,
4366,9,0,6,20,0,
4367,1,0,5,36,0,
4368,1,0,5,7,0,
4369,6,0,4,32,0,
4370,5,0,2,12,0,
4371,6,0,4,8,0,
4372,5,0,4,24,0,
4373,8,0,1,28,0,
4374,7,0,4,29,0,
4375,7,0,5,18,0,
4376,3,0,2,8,0,
4377,6,0,3,4,0,
4378,4,0,6,8,0,
4379,1,0,2,29,0,
4380,4,0,4,30,0,
4381,6,0,2,33,0,
4382,6,0,4,30,0,
4383,3,0,3,31,0,
4384,3,0,5,31,0,
4385,7,0,6,11,0,
4386,8,0,1,30,0,
4387,9,0,3,27,0,
4388,2,0,2,16,0,
4389,8,0,2,32,0,
4390,9,0,5,28,0,
4391,3,0,3,35,0,
4392,9,0,5,4,0,
4393,9,0,5,23,0,
4394,9,0,6,20,0,
4395,9,0,4,35,0,
4396,6,0,2,10,0,
4397,7,0,3,36,0,
4398,2,0,1,9,0,
4399,7,0,4,4,0,
4400,5,0,5,29,0,
4401,6,0,3,9,0,
4402,8,0,5,34,0,
4403,3,0,3,33,0,
4404,9,0,5,33,0,
4405,4,0,1,14,0,
4406,7,0,1,18,0,
4407,1,0,1,31,0,
4408,1,0,6,3,0,
4409,9,0,4,25,0,
4410,2,0,4,4,0,
4411,1,0,2,16,1,
4412,6,0,5,7,0,
4413,9,0,2,36,0,
4414,1,0,3,20,0,
4415,4,0,4,19,1,
4416,8,0,3,17,0,
4417,1,0,6,17,0,
4418,5,0,1,10,0,
4419,9,0,6,11,0,
4420,7,0,5,27,0,
4421,2,0,4,35,0,
4422,5,0,4,32,0,
4423,3,0,6,6,0,
4424,1,0,6,15,0,
4425,2,0,3,25,0,
4426,5,0,4,7,0,
4427,6,0,4,18,0,
4428,4,0,4,22,0,
4429,3,0,6,26,0,
4430,4,0,1,2,0,
4431,6,0,3,1,0,
4432,1,0,2,2,0,
4433,5,0,4,2,0,
4434,2,0,4,28,0,
4435,3,0,6,15,0,
4436,6,0,2,8,0,
4437,7,0,6,35,0,
4438,7,0,3,36,0,
4439,1,0,4,35,0,
4440,9,0,6,15,0,
4441,8,0,3,34,0,
4442,2,0,2,17,0,
4443,6,0,6,36,0,
4444,8,0,3,10,0,
4445,6,0,4,34,0,
4446,3,0,2,9,0,
4447,6,0,5,34,0,
4448,8,0,5,4,0,
4449,1,0,4,29,0,
4450,6,0,6,32,0,
4451,2,0,1,13,0,
4452,4,0,5,32,0,
4453,4,0,2,9,0,
4454,2,0,4,22,0,
4455,7,0,4,18,0,
4456,1,0,2,10,0,
4457,1,0,1,27,0,
4458,3,0,6,12,0,
4459,7,0,2,27,0,
4460,3,0,5,35,0,
4461,3,0,6,31,1,
4462,6,0,1,34,0,
4463,7,0,4,22,0,
4464,2,0,6,36,0,
4465,4,0,1,6,1,
4466,5,0,4,20,0,
4467,3,0,2,28,0,
4468,7,0,6,18,0,
4469,2,0,5,6,0,
4470,6,0,4,19,0,
4471,2,0,1,10,0,
4472,6,0,6,7,0,
4473,2,0,1,32,0,
4474,4,0,1,1,0,
4475,9,0,2,2,0,
4476,5,0,5,8,0,
4477,7,0,2,26,0,
4478,2,0,1,9,0,
4479,4,0,1,16,0,
4480,5,0,1,27,0,
4481,8,0,1,6,0,
4482,1,0,6,34,0,
4483,5,0,2,4,0,
4484,2,0,5,6,0,
4485,1,0,5,7,0,
4486,5,0,6,20,0,
4487,1,0,6,28,0,
4488,9,0,3,3,0,
4489,9,0,5,10,0,
4490,3,0,5,19,0,
4491,8,0,1,21,0,
4492,1,0,3,28,0,
4493,6,0,1,35,0,
4494,3,0,5,5,0,
4495,1,0,3,30,0,
4496,8,0,5,7,0,
4497,9,0,2,30,0,
4498,1,0,4,1,0,
4499,3,0,6,34,0,
4500,9,0,2,24,0,
4501,6,0,1,8,0,
4502,6,0,6,18,0,
4503,2,0,1,1,0,
4504,7,0,1,36,0,
4505,4,0,3,30,0,
4506,7,0,1,3,0,
4507,5,0,3,11,0,
4508,7,0,3,34,0,
4509,6,0,2,12,0,
4510,6,0,4,3,0,
4511,2,0,4,28,1,
4512,7,0,6,8,0,
4513,9,0,5,20,0,
4514,2,0,2,26,0,
4515,2,0,5,28,1,
4516,9,0,4,10,0,
4517,6,0,1,25,0,
4518,8,0,4,17,0,
4519,1,0,4,27,0,
4520,4,0,1,14,0,
4521,9,0,1,26,0,
4522,5,0,3,28,0,
4523,4,0,3,35,0,
4524,6,0,5,22,0,
4525,5,0,5,12,0,
4526,7,0,6,36,0,
4527,7,0,4,11,0,
4528,5,0,3,19,0,
4529,9,1,1,2,0,
4530,1,0,1,36,0,
4531,2,0,2,1,0,
4532,7,0,5,18,0,
4533,1,0,4,17,0,
4534,1,0,4,16,0,
4535,6,0,1,22,0,
4536,2,0,3,3,0,
4537,3,0,5,26,0,
4538,9,0,2,15,0,
4539,6,0,1,24,0,
4540,5,0,3,34,0,
4541,4,0,4,3,0,
4542,3,0,1,13,0,
4543,5,0,6,17,0,
4544,8,0,4,10,0,
4545,5,0,5,12,0,
4546,9,0,2,16,0,
4547,1,0,5,3,0,
4548,4,0,1,10,0,
4549,1,0,5,15,0,
4550,1,0,3,4,0,
4551,6,0,2,23,0,
4552,5,0,6,31,0,
4553,6,0,1,31,0,
4554,6,0,4,20,0,
4555,5,0,6,19,0,
4556,7,0,6,4,0,
4557,9,0,5,10,0,
4558,9,0,2,29,0,
4559,6,0,6,20,0,
4560,8,0,2,10,0,
4561,5,0,2,36,1,
4562,3,0,1,3,0,
4563,6,0,5,32,0,
4564,6,0,3,18,0,
4565,4,0,3,27,1,
4566,1,0,5,32,0,
4567,6,0,6,2,0,
4568,9,0,5,6,0,
4569,2,0,6,17,0,
4570,2,0,6,2,0,
4571,6,0,2,34,0,
4572,9,0,6,10,0,
4573,1,0,3,10,0,
4574,8,0,6,23,0,
4575,5,0,1,9,0,
4576,5,0,2,13,0,
4577,9,0,1,29,0,
4578,7,0,1,7,0,
4579,2,0,2,20,0,
4580,9,0,6,16,0,
4581,6,0,1,6,0,
4582,4,0,6,8,0,
4583,6,0,3,12,0,
4584,1,0,2,3,0,
4585,7,0,2,6,0,
4586,1,0,6,20,0,
4587,3,0,5,28,0,
4588,5,0,3,32,0,
4589,3,0,3,27,0,
4590,3,0,4,30,1,
4591,6,0,3,20,0,
4592,3,0,3,31,0,
4593,2,0,1,15,0,
4594,9,0,6,26,0,
4595,6,0,5,15,0,
4596,7,0,4,33,0,
4597,9,0,2,26,1,
4598,8,0,4,8,0,
4599,2,0,4,13,0,
4600,1,0,2,17,0,
4601,9,0,3,16,0,
4602,1,0,4,15,0,
4603,2,0,2,1,0,
4604,9,0,4,11,0,
4605,4,0,4,11,0,
4606,3,0,6,11,0,
4607,6,0,5,16,0,
4608,6,0,4,21,0,
4609,7,0,2,20,0,
4610,9,0,4,26,1,
4611,5,0,2,3,1,
4612,9,0,3,7,0,
4613,9,0,1,13,0,
4614,3,0,4,14,0,
4615,2,0,3,1,1,
4616,8,0,6,20,0,
4617,8,0,5,9,0,
4618,7,0,6,29,0,
4619,6,0,2,22,0,
4620,3,0,2,15,0,
4621,7,0,6,20,0,
4622,1,0,5,8,0,
4623,7,0,6,5,0,
4624,7,0,3,29,1,
4625,8,0,5,4,0,
4626,4,0,6,2,0,
4627,4,0,4,1,0,
4628,6,0,5,22,0,
4629,1,0,6,14,0,
4630,8,0,3,25,0,
4631,3,0,6,34,0,
4632,6,0,6,18,0,
4633,5,0,3,32,0,
4634,2,0,5,1,1,
4635,8,0,6,16,0,
4636,6,0,4,29,0,
4637,3,0,6,10,0,
4638,9,0,4,24,0,
4639,3,0,3,14,0,
4640,8,0,4,24,1,
4641,8,0,3,30,0,
4642,4,0,5,17,0,
4643,6,0,4,7,0,
4644,7,0,3,36,0,
4645,4,0,5,15,1,
4646,1,0,6,34,0,
4647,5,0,6,17,0,
4648,2,0,1,19,0,
4649,2,0,4,9,1,
4650,8,0,5,12,0,
4651,9,0,5,27,0,
4652,5,0,4,34,0,
4653,3,0,4,32,0,
4654,9,0,4,26,0,
4655,6,0,6,8,0,
4656,9,0,4,24,0,
4657,8,0,3,5,0,
4658,7,0,3,30,0,
4659,1,0,4,36,0,
4660,5,0,3,31,0,
4661,3,0,3,16,1,
4662,1,0,1,9,0,
4663,1,0,3,1,0,
4664,6,0,2,1,0,
4665,9,0,1,8,1,
4666,4,0,1,19,0,
4667,7,0,6,25,0,
4668,8,0,3,27,1,
4669,7,0,5,11,1,
4670,1,0,1,21,1,
4671,8,0,5,28,1,
4672,3,0,5,25,0,
4673,5,0,3,1,0,
4674,3,0,2,17,0,
4675,9,0,1,18,0,
4676,9,0,3,10,0,
4677,5,0,4,5,0,
4678,4,0,5,33,0,
4679,2,0,1,18,0,
4680,5,0,3,36,0,
4681,1,0,5,11,0,
4682,6,0,4,10,0,
4683,3,0,3,4,0,
4684,3,0,3,14,0,
4685,3,0,2,26,0,
4686,2,0,1,32,1,
4687,2,0,5,16,1,
4688,7,0,6,33,1,
4689,8,0,3,18,1,
4690,8,0,4,8,1,
4691,2,0,6,32,0,
4692,1,0,4,17,1,
4693,2,0,4,22,0,
4694,7,0,5,16,0,
4695,9,0,6,3,0,
4696,2,0,4,33,0,
4697,2,0,5,21,0,
4698,7,0,3,17,0,
4699,7,0,1,25,0,
4700,3,0,1,9,0,
4701,8,0,3,35,0,
4702,3,0,6,21,0,
4703,8,0,1,9,0,
4704,7,0,2,9,0,
4705,1,0,5,36,0,
4706,5,0,5,6,0,
4707,9,0,2,5,0,
4708,9,0,1,12,0,
4709,6,0,5,4,0,
4710,9,0,4,31,0,
4711,6,0,3,10,1,
4712,4,0,3,19,0,
4713,5,0,4,31,0,
4714,8,0,6,26,1,
4715,3,0,5,6,1,
4716,9,0,5,10,0,
4717,5,0,5,3,1,
4718,7,0,2,26,0,
4719,8,0,1,17,0,
4720,9,0,5,30,0,
4721,3,0,2,11,0,
4722,6,0,1,34,0,
4723,9,0,6,35,0,
4724,6,0,4,16,0,
4725,1,0,6,8,0,
4726,7,0,2,12,0,
4727,7,0,5,6,0,
4728,2,0,3,5,1,
4729,1,0,5,4,0,
4730,3,0,4,13,0,
4731,5,0,5,3,0,
4732,7,0,1,16,0,
4733,6,0,2,27,0,
4734,7,0,6,25,0,
4735,3,0,6,20,0,
4736,7,0,1,2,1,
4737,3,0,4,18,1,
4738,3,0,4,13,0,
4739,9,0,4,4,0,
4740,4,0,4,7,0,
4741,6,0,3,6,0,
4742,8,0,3,31,0,
4743,7,0,1,32,0,
4744,1,0,3,5,0,
4745,3,0,4,5,0,
4746,1,0,4,19,0,
4747,6,0,3,16,0,
4748,5,0,1,22,0,
4749,9,0,3,23,1,
4750,3,0,6,24,0,
4751,5,0,2,10,0,
4752,7,0,2,17,0,
4753,5,0,6,11,0,
4754,4,0,2,34,0,
4755,4,0,5,23,0,
4756,2,0,6,3,0,
4757,6,0,4,17,0,
4758,8,0,3,17,0,
4759,8,0,6,14,1,
4760,5,0,4,22,0,
4761,5,0,1,16,1,
4762,6,0,3,18,0,
4763,6,0,1,30,0,
4764,1,0,6,16,0,
4765,1,0,4,12,1,
4766,3,0,1,11,0,
4767,4,0,6,5,0,
4768,4,0,2,6,0,
4769,2,0,2,22,0,
4770,8,0,1,5,0,
4771,8,0,1,27,0,
4772,9,0,3,21,0,
4773,4,0,4,26,0,
4774,8,0,2,14,0,
4775,4,0,1,20,0,
4776,7,0,1,13,0,
4777,8,0,5,18,0,
4778,4,0,6,13,0,
4779,9,0,6,29,0,
4780,3,0,4,28,0,
4781,7,0,1,1,0,
4782,2,0,6,22,0,
4783,1,0,2,30,0,
4784,6,0,3,16,0,
4785,3,0,1,10,0,
4786,5,0,3,15,1,
4787,7,0,1,27,0,
4788,5,0,6,28,0,
4789,9,0,3,30,0,
4790,4,0,1,25,0,
4791,2,0,2,10,0,
4792,5,0,4,4,0,
4793,6,0,2,2,0,
4794,4,0,2,31,0,
4795,6,0,1,15,0,
4796,5,0,6,6,0,
4797,1,0,1,3,0,
4798,9,0,1,7,0,
4799,8,0,3,16,0,
4800,5,0,2,22,0,
4801,7,0,4,6,0,
4802,1,0,1,30,0,
4803,1,0,2,4,0,
4804,1,0,3,29,0,
4805,1,0,1,8,0,
4806,3,0,6,5,0,
4807,2,0,3,7,0,
4808,8,0,4,35,0,
4809,4,0,5,33,1,
4810,8,0,3,19,1,
4811,2,0,4,36,1,
4812,8,0,3,20,0,
4813,7,0,3,7,0,
4814,7,0,3,24,0,
4815,6,0,6,9,1,
4816,7,0,6,36,0,
4817,9,0,2,16,0,
4818,8,0,5,25,0,
4819,1,0,3,4,0,
4820,3,0,5,35,0,
4821,2,0,3,21,0,
4822,2,0,1,5,0,
4823,8,0,6,9,0,
4824,1,1,2,7,0,
4825,8,0,2,27,1,
4826,1,0,6,1,0,
4827,5,0,4,13,0,
4828,4,0,4,13,0,
4829,2,0,3,17,0,
4830,2,0,4,11,0,
4831,5,0,2,14,0,
4832,6,0,3,16,0,
4833,3,0,6,3,0,
4834,7,0,5,26,0,
4835,5,0,4,13,0,
4836,7,0,1,24,0,
4837,3,0,4,20,0,
4838,4,0,5,3,0,
4839,9,0,6,29,0,
4840,3,0,2,1,0,
4841,5,0,2,13,0,
4842,3,0,3,32,0,
4843,7,0,2,36,1,
4844,6,0,2,29,0,
4845,3,0,5,34,0,
4846,2,0,1,3,0,
4847,8,0,6,11,0,
4848,7,0,2,28,0,
4849,5,0,3,28,0,
4850,2,0,6,5,0,
4851,6,0,1,31,0,
4852,7,0,1,1,0,
4853,8,0,1,2,0,
4854,5,0,5,36,0,
4855,2,0,2,33,0,
4856,7,0,4,2,0,
4857,7,0,2,35,0,
4858,6,0,4,6,0,
4859,1,0,6,24,0,
4860,9,0,3,14,1,
4861,1,0,1,14,1,
4862,7,0,5,27,0,
4863,4,0,6,27,0,
4864,2,0,6,25,0,
4865,8,0,1,31,1,
4866,8,0,5,8,0,
4867,3,0,1,7,0,
4868,7,0,5,11,0,
4869,8,0,6,16,0,
4870,9,0,4,10,0,
4871,1,0,3,29,0,
4872,2,0,2,22,0,
4873,1,0,3,3,0,
4874,6,0,2,28,0,
4875,6,0,3,12,0,
4876,7,0,1,22,0,
4877,6,0,1,8,1,
4878,5,0,5,10,1,
4879,2,0,4,31,1,
4880,4,0,3,29,1,
4881,1,0,2,21,1,
4882,4,0,6,2,1,
4883,6,0,6,32,1,
4884,5,0,2,6,0,
4885,6,0,4,7,0,
4886,8,0,3,24,1,
4887,7,0,4,21,0,
4888,8,0,3,19,0,
4889,7,0,2,9,0,
4890,5,0,4,27,0,
4891,1,0,5,4,0,
4892,7,0,6,6,0,
4893,2,0,6,26,0,
4894,7,0,4,23,0,
4895,6,0,6,20,0,
4896,9,0,2,4,0,
4897,3,0,6,31,0,
4898,2,0,3,20,0,
4899,4,0,2,8,0,
4900,2,0,5,10,0,
4901,4,0,2,29,0,
4902,2,0,6,27,0,
4903,8,0,3,15,0,
4904,6,0,4,36,0,
4905,5,0,6,10,0,
4906,3,0,5,32,0,
4907,4,0,6,24,1,
4908,5,0,2,1,0,
4909,5,0,6,20,0,
4910,2,0,4,22,0,
4911,4,0,5,7,1,
4912,9,0,3,13,0,
4913,4,0,3,28,0,
4914,9,0,1,23,0,
4915,3,0,5,5,1,
4916,4,0,6,12,0,
4917,1,0,2,30,1,
4918,8,0,6,13,0,
4919,9,0,2,22,0,
4920,4,0,4,32,0,
4921,3,0,5,23,0,
4922,7,0,5,24,1,
4923,4,0,5,26,0,
4924,3,0,4,5,0,
4925,1,0,5,19,0,
4926,9,0,3,1,0,
4927,5,0,4,17,0,
4928,1,0,6,6,0,
4929,4,0,2,31,0,
4930,2,0,1,28,0,
4931,3,0,2,16,0,
4932,7,0,5,7,0,
4933,4,0,1,9,0,
4934,5,0,3,17,0,
4935,2,0,4,8,0,
4936,7,0,1,9,1,
4937,8,0,3,7,0,
4938,8,0,6,9,0,
4939,9,0,1,1,0,
4940,8,0,3,2,0,
4941,3,0,2,18,0,
4942,3,0,6,10,0,
4943,9,0,4,18,0,
4944,7,0,5,32,0,
4945,7,0,3,10,0,
4946,9,0,4,27,0,
4947,9,0,6,8,0,
4948,3,0,2,6,0,
4949,2,0,5,6,0,
4950,9,0,5,9,0,
4951,9,0,6,29,0,
4952,1,0,2,31,0,
4953,9,0,1,2,1,
4954,3,0,5,36,1,
4955,9,0,6,7,1,
4956,5,0,1,4,1,
4957,7,0,1,24,1,
4958,3,0,3,31,0,
4959,4,0,6,9,1,
4960,7,0,2,1,0,
4961,5,0,6,13,1,
4962,8,0,5,23,0,
4963,5,0,1,20,0,
4964,2,0,6,31,0,
4965,7,0,1,17,1,
4966,4,0,5,10,1,
4967,8,0,6,15,0,
4968,8,0,4,14,0,
4969,7,0,3,28,0,
4970,7,0,4,36,0,
4971,5,0,4,11,0,
4972,7,0,5,20,0,
4973,4,0,1,1,0,
4974,7,0,3,13,0,
4975,5,0,3,7,0,
4976,1,0,4,32,0,
4977,1,0,2,18,0,
4978,8,0,4,1,0,
4979,4,0,4,20,0,
4980,7,0,6,32,0,
4981,3,0,2,5,1,
4982,1,0,1,9,1,
4983,2,0,2,32,0,
4984,7,0,3,15,1,
4985,4,0,4,27,0,
4986,4,0,6,35,0,
4987,2,0,5,9,0,
4988,9,0,4,7,0,
4989,5,0,2,2,0,
4990,4,0,3,27,0,
4991,3,0,5,6,0,
4992,8,0,6,12,0,
4993,4,0,5,2,0,
4994,8,0,2,19,0,
4995,1,0,1,16,1,
4996,3,0,6,5,0,
4997,1,0,3,19,0,
4998,6,0,1,24,1,
4999,4,0,4,11,0,
5000,5,0,3,4,0,
5001,2,0,2,34,0,
5002,7,0,4,15,0,
5003,5,0,6,25,0,
5004,8,0,2,3,0,
5005,7,0,5,30,0,
5006,8,0,1,23,0,
5007,9,0,2,16,0,
5008,1,0,1,32,0,
5009,3,0,2,26,1,
5010,9,0,1,21,0,
5011,2,0,2,1,1,
5012,1,0,1,4,0,
5013,3,0,5,33,0,
5014,1,0,1,35,0,
5015,9,0,5,29,1,
5016,6,0,5,28,0,
5017,8,0,5,25,0,
5018,3,0,6,33,0,
5019,8,0,3,2,0,
5020,3,0,6,23,0,
5021,9,0,3,5,0,
5022,4,0,2,3,0,
5023,8,0,6,10,0,
5024,2,0,3,5,0,
5025,8,0,6,5,0,
5026,7,0,6,13,0,
5027,6,0,1,18,0,
5028,9,0,6,25,1,
5029,7,0,4,16,0,
5030,8,0,3,29,0,
5031,2,0,5,23,0,
5032,7,0,2,31,0,
5033,6,0,5,1,0,
5034,2,0,6,28,0,
5035,1,0,6,35,0,
5036,8,0,5,31,0,
5037,3,0,2,35,0,
5038,2,0,1,17,0,
5039,4,0,2,15,0,
5040,1,0,4,10,0,
5041,8,0,6,18,1,
5042,8,0,1,2,1,
5043,7,0,3,9,1,
5044,9,0,2,33,1,
5045,2,0,4,5,0,
5046,4,0,1,22,0,
5047,8,0,3,11,0,
5048,3,0,5,9,0,
5049,7,0,2,34,0,
5050,8,0,3,36,0,
5051,9,0,6,25,0,
5052,5,0,2,32,0,
5053,5,0,6,10,0,
5054,8,0,1,26,0,
5055,6,0,4,1,0,
5056,5,0,2,33,0,
5057,9,0,1,29,0,
5058,4,0,2,16,0,
5059,2,0,1,6,0,
5060,4,0,3,5,0,
5061,7,0,2,15,1,
5062,6,0,6,15,0,
5063,5,0,4,4,0,
5064,8,0,3,22,0,
5065,1,0,2,7,1,
5066,7,0,2,9,0,
5067,4,0,4,2,0,
5068,1,0,1,26,1,
5069,7,0,6,35,1,
5070,8,0,5,26,0,
5071,2,0,5,30,1,
5072,3,0,3,9,0,
5073,9,0,6,1,0,
5074,7,0,3,17,0,
5075,5,0,3,36,0,
5076,1,0,5,21,0,
5077,5,0,3,18,0,
5078,1,0,5,31,0,
5079,3,0,6,2,0,
5080,8,0,2,6,0,
5081,2,0,4,4,0,
5082,9,0,4,12,0,
5083,9,0,6,17,0,
5084,6,0,6,11,0,
5085,4,0,2,6,0,
5086,6,0,3,1,0,
5087,2,0,1,18,0,
5088,1,0,5,11,0,
5089,3,0,5,24,1,
5090,6,0,1,16,1,
5091,8,0,6,6,0,
5092,9,0,4,27,1,
5093,8,0,3,15,0,
5094,6,0,1,23,0,
5095,1,0,2,25,0,
5096,9,0,5,26,0,
5097,5,0,2,30,0,
5098,2,0,3,29,0,
5099,8,0,4,10,0,
5100,9,0,2,31,0,
5101,1,0,1,19,0,
5102,2,0,5,26,0,
5103,5,0,6,11,0,
5104,8,0,4,24,0,
5105,8,0,2,22,1,
5106,4,0,4,5,0,
5107,7,0,3,22,0,
5108,5,0,5,22,0,
5109,6,0,6,1,0,
5110,6,0,2,30,0,
5111,6,0,1,14,1,
5112,8,0,1,29,0,
5113,4,0,5,26,0,
5114,7,0,3,29,0,
5115,4,0,4,13,1,
5116,6,0,1,9,0,
5117,7,0,2,7,0,
5118,1,0,5,27,0,
5119,5,0,3,33,0,
5120,4,0,5,6,0,
5121,5,0,2,3,0,
5122,9,0,2,11,0,
5123,1,0,2,2,0,
5124,8,0,6,18,0,
5125,9,0,1,16,1,
5126,9,0,5,35,0,
5127,2,0,5,36,0,
5128,3,0,2,4,0,
5129,9,0,2,35,0,
5130,6,0,3,7,0,
5131,8,0,3,33,0,
5132,1,0,6,34,1,
5133,4,0,2,24,0,
5134,3,0,6,5,0,
5135,2,0,1,25,0,
5136,8,0,5,2,0,
5137,4,0,4,1,1,
5138,7,0,3,18,0,
5139,6,0,2,15,0,
5140,7,0,2,23,1,
5141,3,0,1,20,0,
5142,6,0,4,33,0,
5143,4,0,6,17,0,
5144,3,0,3,9,0,
5145,1,0,1,23,0,
5146,4,0,3,33,0,
5147,3,0,5,18,1,
5148,1,0,4,31,1,
5149,3,0,5,35,1,
5150,8,0,1,33,0,
5151,8,0,5,35,0,
5152,8,0,4,12,0,
5153,5,0,5,21,0,
5154,9,0,1,1,0,
5155,8,0,5,20,0,
5156,1,0,1,30,0,
5157,6,0,1,36,0,
5158,8,0,6,8,0,
5159,1,0,1,31,1,
5160,3,0,6,29,0,
5161,8,0,3,26,1,
5162,9,0,5,24,0,
5163,3,0,6,16,0,
5164,8,0,4,30,0,
5165,9,0,4,10,1,
5166,6,0,2,30,0,
5167,7,0,3,25,0,
5168,3,0,4,14,0,
5169,5,0,6,34,0,
5170,6,0,2,7,0,
5171,9,0,5,5,0,
5172,4,0,6,9,1,
5173,1,0,1,5,0,
5174,2,0,5,25,0,
5175,6,0,3,27,0,
5176,2,0,6,13,0,
5177,6,0,3,19,0,
5178,3,0,2,27,0,
5179,1,0,4,14,0,
5180,1,0,5,35,0,
5181,2,0,3,20,0,
5182,5,0,6,26,0,
5183,7,0,6,11,0,
5184,6,0,2,25,1,
5185,7,0,3,12,0,
5186,8,0,5,28,1,
5187,6,1,5,35,0,
5188,9,0,3,25,0,
5189,4,0,1,17,0,
5190,7,0,1,10,0,
5191,8,0,2,20,0,
5192,6,0,4,5,0,
5193,9,0,1,19,0,
5194,4,0,1,6,0,
5195,2,0,4,3,0,
5196,4,0,2,22,0,
5197,9,0,6,20,1,
5198,4,0,1,30,0,
5199,9,0,6,35,0,
5200,1,0,4,4,0,
5201,7,0,1,12,0,
5202,6,0,4,29,0,
5203,8,0,2,11,0,
5204,7,0,1,35,0,
5205,1,0,6,12,0,
5206,1,0,2,35,0,
5207,8,0,2,16,0,
,,,,,,
,,,,,239,
,,,,,,0.053